Arsenal,29,38.0,,,,,1.0,,,,,,,,,,,,,,,,,29,26.9,,38,418,3420,38.0,1.92,,3.37,1.82,0.11,0.16,,,,,,,,,3.26,,1.92,,5.29,35.4,14.95,5.29,0.12,0.34,,,0.11,0.16,,,,,,,,,,,,390.0,,,,38,11.0,3420,,1.16,4.39,3.24,79.6,0.61,0.16,0.24,0.34,34.2,0.26,,0.0,0.0,,492.0,,,,,,,,14.9,,558.0,,,,26.9,38,3420,90,100,38.0,,,2.92,0,4.08,1.97,2.03,1.16,0.87,0.87,,,,,,,,,,,,,,,,,,,,,,,,,,,29,38.0,,,,,,,,,,,,,,58.9,1.45,0.0,0.0,,,1.16,0.26,0.0,0.0,0.0,394.0,99.0,701.0,4.0,10.0
Bournemouth,27,38.0,,,,,4.0,,,,,,,,,,,,,,,,,27,27.0,,38,418,3420,38.0,1.39,,2.26,1.21,0.18,0.26,,,,,,,,,2.08,,1.39,,4.21,35.4,11.89,4.21,0.1,0.29,,,0.18,0.26,,,,,,,,,,,,492.0,,,,38,11.0,3420,,1.76,4.97,3.21,65.6,0.32,0.26,0.42,0.26,26.3,0.13,,0.05,0.03,,466.0,,,,,,,,11.9,,481.0,,,,27.0,38,3420,90,100,38.0,,,2.89,0,4.11,1.21,1.45,1.76,-0.32,-0.32,,,,,,,,,,,,,,,,,,,,,,,,,,,27,38.0,,,,,,,,,,,,,,51.5,0.87,0.0,0.05,,,1.76,0.05,0.0,2.0,2.0,372.0,54.0,642.0,11.0,4.0
Burnley,27,38.0,,,,,2.0,,,,,,,,,,,,,,,,,27,27.7,,38,418,3420,38.0,1.03,,1.66,0.87,0.16,0.16,,,,,,,,,1.5,,1.03,,3.18,31.2,10.21,3.18,0.09,0.27,,,0.16,0.16,,,,,,,,,,,,415.0,,,,38,11.0,3420,,1.45,5.47,4.03,75.5,0.29,0.18,0.53,0.26,26.3,0.13,,0.03,0.0,,473.0,,,,,,,,10.2,,569.0,,,,27.7,38,3420,90,100,38.0,,,2.76,0,4.24,1.05,1.03,1.45,-0.42,-0.42,,,,,,,,,,,,,,,,,,,,,,,,,,,27,38.0,,,,,,,,,,,,,,40.3,0.63,0.0,0.03,,,1.45,0.11,0.0,1.0,1.0,428.0,103.0,676.0,4.0,5.0
Chelsea,24,38.0,,,,,1.0,,,,,,,,,,,,,,,,,24,27.2,,38,418,3420,38.0,2.18,,3.58,2.13,0.05,0.11,,,,,,,,,3.53,,2.18,,5.39,35.2,15.32,5.39,0.14,0.4,,,0.05,0.11,,,,,,,,,,,,474.0,,,,38,11.0,3420,,0.87,2.76,1.89,70.5,0.79,0.08,0.13,0.42,42.1,0.05,,0.0,0.0,,482.0,,,,,,,,15.3,,523.0,,,,27.2,38,3420,90,100,38.0,,,3.0,0,4.0,2.45,2.24,0.87,1.37,1.37,,,,,,,,,,,,,,,,,,,,,,,,,,,24,38.0,,,,,,,,,,,,,,55.1,1.39,0.0,0.0,,,0.87,0.05,0.0,0.0,0.0,394.0,65.0,697.0,4.0,2.0
Crystal Palace,31,38.0,,,,,0.0,,,,,,,,,,,,,,,,,31,27.7,,38,418,3420,38.0,1.26,,2.11,1.16,0.11,0.18,,,,,,,,,2.0,,1.26,,3.61,31.1,11.61,3.61,0.1,0.32,,,0.11,0.18,,,,,,,,,,,,470.0,,,,38,11.0,3420,,1.66,4.63,2.97,65.3,0.32,0.13,0.55,0.18,18.4,0.05,,0.0,0.0,,521.0,,,,,,,,11.6,,575.0,,,,27.7,38,3420,90,100,38.0,,,2.89,0,4.11,1.08,1.32,1.66,-0.34,-0.34,,,,,,,,,,,,,,,,,,,,,,,,,,,31,38.0,,,,,,,,,,,,,,45.4,0.84,0.0,0.0,,,1.66,0.05,0.0,0.0,0.0,471.0,57.0,880.0,6.0,2.0
Everton,27,38.0,,,,,1.0,,,,,,,,,,,,,,,,,27,27.5,,38,418,3420,38.0,1.53,,2.71,1.45,0.08,0.11,,,,,,,,,2.63,,1.53,,5.05,38.4,13.16,5.05,0.11,0.29,,,0.08,0.11,,,,,,,,,,,,419.0,,,,38,11.0,3420,,1.16,3.89,2.74,72.3,0.45,0.26,0.29,0.34,34.2,0.13,,0.03,0.03,,557.0,,,,,,,,13.2,,472.0,,,,27.5,38,3420,90,100,38.0,,,2.82,0,4.16,1.61,1.63,1.16,0.47,0.47,,,,,,,,,,,,,,,,,,,,,,,,,,,27,38.0,,,,,,,,,,,,,,52.1,1.18,0.0,0.03,,,1.16,0.08,0.0,1.0,1.0,457.0,83.0,775.0,3.0,5.0
Hull City,28,38.0,,,,,5.0,,,,,,,,,,,,,,,,,28,27.4,,38,418,3420,38.0,0.95,,1.58,0.87,0.08,0.08,,,,,,,,,1.5,,0.95,,3.32,31.8,10.42,3.32,0.08,0.26,,,0.08,0.08,,,,,,,,,,,,390.0,,,,38,11.0,3420,,2.11,5.63,3.53,67.8,0.24,0.18,0.58,0.13,13.2,0.37,,0.05,0.03,,474.0,,,,,,,,10.4,,587.0,,,,27.4,38,3420,90,100,38.0,,,2.66,0,4.34,0.89,0.97,2.11,-1.13,-1.13,,,,,,,,,,,,,,,,,,,,,,,,,,,28,38.0,,,,,,,,,,,,,,45.9,0.63,0.0,0.0,,,2.11,0.29,0.0,0.0,0.0,403.0,71.0,748.0,2.0,14.0
Leicester City,25,38.0,,,,,2.0,,,,,,,,,,,,,,,,,25,27.8,,38,418,3420,38.0,1.21,,2.05,1.11,0.11,0.16,,,,,,,,,1.95,,1.21,,3.82,33.3,11.45,3.82,0.1,0.29,,,0.11,0.16,,,,,,,,,,,,332.0,,,,38,11.0,3420,,1.66,5.0,3.34,68.4,0.32,0.21,0.47,0.24,23.7,0.08,,0.0,0.0,,508.0,,,,,,,,11.4,,559.0,,,,27.8,38,3420,90,100,38.0,,,2.79,0,4.21,1.16,1.26,1.66,-0.39,-0.39,,,,,,,,,,,,,,,,,,,,,,,,,,,25,38.0,,,,,,,,,,,,,,41.9,0.84,0.0,0.0,,,1.66,0.08,0.0,0.0,0.0,447.0,65.0,735.0,5.0,4.0
Liverpool,23,38.0,,,,,0.0,,,,,,,,,,,,,,,,,23,26.1,,38,418,3420,38.0,2.03,,3.39,1.84,0.18,0.21,,,,,,,,,3.21,,2.03,,6.21,36.9,16.82,6.21,0.11,0.3,,,0.18,0.21,,,,,,,,,,,,383.0,,,,38,11.0,3420,,1.11,3.0,1.89,65.8,0.58,0.26,0.16,0.32,31.6,0.13,,0.05,0.0,,540.0,,,,,,,,16.8,,425.0,,,,26.1,38,3420,90,100,38.0,,,2.63,0,4.37,2.0,2.05,1.11,0.95,0.95,,,,,,,,,,,,,,,,,,,,,,,,,,,23,38.0,,,,,,,,,,,,,,62.0,1.37,0.0,0.0,,,1.11,0.08,0.0,0.0,0.0,396.0,78.0,815.0,5.0,5.0
Manchester City,25,38.0,,,,,1.0,,,,,,,,,,,,,,,,,25,28.5,,38,418,3420,38.0,1.97,,3.39,1.79,0.18,0.24,,,,,,,,,3.21,,1.97,,5.66,34.0,16.66,5.66,0.11,0.32,,,0.18,0.24,,,,,,,,,,,,427.0,,,,38,11.0,3420,,1.03,2.76,1.74,64.8,0.61,0.24,0.16,0.32,31.6,0.13,,0.03,0.05,,476.0,,,,,,,,16.7,,527.0,,,,28.5,38,3420,90,100,38.0,,,2.79,0,4.18,2.05,2.11,1.03,1.08,1.08,,,,,,,,,,,,,,,,,,,,,,,,,,,25,38.0,,,,,,,,,,,,,,65.0,1.42,0.0,0.0,,,1.03,0.05,0.0,0.0,0.0,395.0,93.0,810.0,9.0,5.0
Manchester Utd,31,38.0,,,,,1.0,,,,,,,,,,,,,,,,,31,26.7,,38,418,3420,38.0,1.42,,2.39,1.34,0.08,0.11,,,,,,,,,2.32,,1.42,,5.45,35.1,15.5,5.45,0.09,0.25,,,0.08,0.11,,,,,,,,,,,,443.0,,,,38,11.0,3420,,0.76,3.05,2.29,78.4,0.47,0.39,0.13,0.45,44.7,0.13,,0.03,0.0,,507.0,,,,,,,,15.5,,610.0,,,,26.7,38,3420,90,100,38.0,,,2.89,0,4.11,1.82,1.42,0.76,0.66,0.66,,,,,,,,,,,,,,,,,,,,,,,,,,,31,38.0,,,,,,,,,,,,,,56.5,0.97,0.0,0.03,,,0.76,0.11,0.0,1.0,1.0,498.0,102.0,852.0,2.0,5.0
Middlesbrough,27,38.0,,,,,0.0,,,,,,,,,,,,,,,,,27,27.3,,38,418,3420,38.0,0.68,,1.26,0.63,0.05,0.05,,,,,,,,,1.21,,0.68,,2.58,28.1,9.18,2.58,0.07,0.24,,,0.05,0.05,,,,,,,,,,,,399.0,,,,38,11.0,3420,,1.39,4.5,3.11,71.3,0.13,0.34,0.53,0.29,28.9,0.13,,0.0,0.03,,558.0,,,,,,,,9.18,,570.0,,,,27.3,38,3420,90,100,38.0,,,2.47,0,4.53,0.74,0.71,1.39,-0.68,-0.68,,,,,,,,,,,,,,,,,,,,,,,,,,,27,38.0,,,,,,,,,,,,,,47.3,0.58,0.0,0.03,,,1.39,0.11,0.0,1.0,1.0,480.0,51.0,735.0,2.0,5.0
Southampton,26,38.0,,,,,0.0,,,,,,,,,,,,,,,,,26,26.0,,38,418,3420,38.0,1.03,,1.74,0.95,0.08,0.16,,,,,,,,,1.66,,1.03,,4.71,32.6,14.45,4.71,0.07,0.2,,,0.08,0.16,,,,,,,,,,,,415.0,,,,38,11.0,3420,,1.26,3.42,2.16,67.7,0.32,0.26,0.42,0.37,36.8,0.24,,0.03,0.05,,507.0,,,,,,,,14.4,,539.0,,,,26.0,38,3420,90,100,38.0,,,2.87,0,4.13,1.21,1.08,1.26,-0.18,-0.18,,,,,,,,,,,,,,,,,,,,,,,,,,,26,38.0,,,,,,,,,,,,,,54.4,0.71,0.0,0.03,,,1.26,0.16,0.0,1.0,1.0,426.0,75.0,960.0,5.0,9.0
Stoke City,26,38.0,,,,,5.0,,,,,,,,,,,,,,,,,26,28.7,,38,418,3420,38.0,0.97,,1.61,0.87,0.11,0.16,,,,,,,,,1.5,,0.97,,3.55,31.7,11.21,3.55,0.08,0.24,,,0.11,0.16,,,,,,,,,,,,440.0,,,,38,11.0,3420,,1.47,4.74,3.26,69.4,0.29,0.29,0.42,0.29,28.9,0.05,,0.03,0.0,,489.0,,,,,,,,11.2,,528.0,,,,28.7,38,3420,90,100,38.0,,,2.45,0,4.55,1.16,1.08,1.47,-0.39,-0.39,,,,,,,,,,,,,,,,,,,,,,,,,,,26,38.0,,,,,,,,,,,,,,46.3,0.63,0.0,0.03,,,1.47,0.03,0.0,1.0,1.0,434.0,87.0,725.0,5.0,2.0
Sunderland,31,38.0,,,,,2.0,,,,,,,,,,,,,,,,,31,26.8,,38,418,3420,38.0,0.74,,1.03,0.61,0.13,0.13,,,,,,,,,0.89,,0.74,,3.21,31.4,10.21,3.21,0.06,0.19,,,0.13,0.13,,,,,,,,,,,,392.0,,,,38,11.0,3420,,1.82,6.53,4.71,73.8,0.16,0.16,0.68,0.16,15.8,0.11,,0.0,0.0,,495.0,,,,,,,,10.2,,574.0,,,,26.8,38,3420,90,100,38.0,,,2.47,0,4.53,0.63,0.76,1.82,-1.05,-1.05,,,,,,,,,,,,,,,,,,,,,,,,,,,31,38.0,,,,,,,,,,,,,,39.7,0.29,0.0,0.08,,,1.82,0.11,0.0,3.0,3.0,437.0,80.0,633.0,3.0,4.0
Swansea City,27,38.0,,,,,5.0,,,,,,,,,,,,,,,,,27,27.4,,38,418,3420,38.0,1.18,,2.0,1.11,0.08,0.08,,,,,,,,,1.92,,1.18,,3.82,36.0,10.61,3.82,0.1,0.29,,,0.08,0.08,,,,,,,,,,,,425.0,,,,38,11.0,3420,,1.84,4.71,2.87,64.2,0.32,0.13,0.55,0.21,21.1,0.21,,0.03,0.03,,481.0,,,,,,,,10.6,,471.0,,,,27.4,38,3420,90,100,38.0,,,2.76,0,4.24,1.08,1.18,1.84,-0.66,-0.66,,,,,,,,,,,,,,,,,,,,,,,,,,,27,38.0,,,,,,,,,,,,,,47.9,0.82,0.0,0.0,,,1.84,0.16,0.0,0.0,0.0,399.0,50.0,867.0,3.0,10.0
Tottenham,24,38.0,,,,,1.0,,,,,,,,,,,,,,,,,24,25.3,,38,418,3420,38.0,2.21,,3.76,2.03,0.18,0.24,,,,,,,,,3.58,,2.21,,6.76,38.4,17.63,6.76,0.11,0.3,,,0.18,0.24,,,,,,,,,,,,463.0,,,,38,11.0,3420,,0.68,2.89,2.21,78.2,0.68,0.21,0.11,0.45,44.7,0.05,,0.0,0.0,,512.0,,,,,,,,17.6,,331.0,,,,25.3,38,3420,90,100,38.0,,,2.92,0,4.08,2.26,2.26,0.68,1.58,1.58,,,,,,,,,,,,,,,,,,,,,,,,,,,24,38.0,,,,,,,,,,,,,,60.5,1.55,0.0,0.0,,,0.68,0.05,0.0,0.0,0.0,431.0,74.0,763.0,9.0,2.0
Watford,33,38.0,,,,,2.0,,,,,,,,,,,,,,,,,33,29.0,,38,418,3420,38.0,1.03,,1.74,0.95,0.08,0.08,,,,,,,,,1.66,,1.03,,3.76,33.7,11.16,3.76,0.08,0.25,,,0.08,0.08,,,,,,,,,,,,417.0,,,,38,11.0,3420,,1.79,4.92,3.13,65.2,0.29,0.18,0.53,0.18,18.4,0.11,,0.03,0.0,,468.0,,,,,,,,11.2,,532.0,,,,29.0,38,3420,90,100,38.0,,,2.84,0,4.16,1.05,1.05,1.79,-0.74,-0.74,,,,,,,,,,,,,,,,,,,,,,,,,,,33,38.0,,,,,,,,,,,,,,46.1,0.71,0.0,0.08,,,1.79,0.08,0.0,3.0,3.0,514.0,63.0,696.0,3.0,4.0
West Brom,23,38.0,,,,,1.0,,,,,,,,,,,,,,,,,23,29.4,,38,418,3420,38.0,1.13,,2.0,1.11,0.03,0.03,,,,,,,,,1.97,,1.13,,3.26,31.1,10.5,3.26,0.11,0.34,,,0.03,0.03,,,,,,,,,,,,343.0,,,,38,11.0,3420,,1.34,4.21,2.87,70.0,0.32,0.24,0.45,0.16,15.8,0.08,,0.0,0.0,,441.0,,,,,,,,10.5,,564.0,,,,29.4,38,3420,90,100,38.0,,,2.87,0,4.16,1.18,1.13,1.34,-0.21,-0.21,,,,,,,,,,,,,,,,,,,,,,,,,,,23,38.0,,,,,,,,,,,,,,37.3,0.87,0.0,0.0,,,1.34,0.08,0.0,0.0,0.0,448.0,61.0,770.0,0.0,3.0
West Ham,29,38.0,,,,,0.0,,,,,,,,,,,,,,,,,29,27.1,,38,418,3420,38.0,1.21,,1.95,1.13,0.08,0.11,,,,,,,,,1.87,,1.21,,3.58,27.3,13.11,3.58,0.09,0.32,,,0.08,0.11,,,,,,,,,,,,461.0,,,,38,11.0,3420,,1.68,4.79,3.11,67.6,0.32,0.24,0.45,0.26,26.3,0.21,,0.03,0.05,,452.0,,,,,,,,13.1,,634.0,,,,27.1,38,3420,90,100,38.0,,,2.87,0,4.11,1.18,1.24,1.68,-0.45,-0.45,,,,,,,,,,,,,,,,,,,,,,,,,,,29,38.0,,,,,,,,,,,,,,47.1,0.74,0.0,0.11,,,1.68,0.13,0.0,4.0,4.0,408.0,80.0,759.0,4.0,8.0
Arsenal,25,38.0,,,,,,,,,,,,,,,,,,,,,,25,27.0,,38,418,3420,38.0,1.63,,3.03,1.61,0.03,0.05,,,,,,,,,3.0,,1.63,,5.53,,,5.53,,0.29,,,0.03,0.05,,,,,,,,,,,,,,,,38,11.0,3420,,0.95,3.89,2.95,75.7,0.53,0.29,0.18,0.47,47.4,,,,,,,,,,,,,,,,,,,,27.0,38,3420,90,100,38.0,,,2.82,0,4.18,1.87,1.71,0.95,0.76,0.76,,,,,,,,,,,,,,,,,,,,,,,,,,,25,38.0,,,,,,,,,,,,,,58.3,1.39,0.0,0.0,,,0.95,,0.0,0.0,,348.0,,,,
Aston Villa,29,38.0,,,,,,,,,,,,,,,,,,,,,,29,26.6,,38,418,3420,38.0,0.63,,1.13,0.58,0.05,0.05,,,,,,,,,1.08,,0.63,,2.89,,,2.89,,0.2,,,0.05,0.05,,,,,,,,,,,,,,,,38,11.0,3420,,2.0,4.89,2.89,59.1,0.08,0.21,0.71,0.16,15.8,,,,,,,,,,,,,,,,,,,,26.6,38,3420,90,100,38.0,,,2.24,0,4.76,0.45,0.71,2.0,-1.29,-1.29,,,,,,,,,,,,,,,,,,,,,,,,,,,29,38.0,,,,,,,,,,,,,,46.4,0.5,0.0,0.0,,,2.0,,0.0,0.0,,429.0,,,,
Bournemouth,28,38.0,,,,,,,,,,,,,,,,,,,,,,28,27.7,,38,418,3420,38.0,1.13,,1.87,1.05,0.08,0.11,,,,,,,,,1.79,,1.13,,3.76,,,3.76,,0.28,,,0.08,0.11,,,,,,,,,,,,,,,,38,11.0,3420,,1.76,4.0,2.24,55.9,0.29,0.24,0.47,0.18,18.4,,,,,,,,,,,,,,,,,,,,27.7,38,3420,90,100,38.0,,,2.87,0,4.13,1.11,1.18,1.76,-0.58,-0.58,,,,,,,,,,,,,,,,,,,,,,,,,,,28,38.0,,,,,,,,,,,,,,51.2,0.74,0.0,0.0,,,1.76,,0.0,0.0,,361.0,,,,
Chelsea,28,38.0,,,,,,,,,,,,,,,,,,,,,,28,26.8,,38,418,3420,38.0,1.45,,2.5,1.34,0.11,0.13,,,,,,,,,2.39,,1.45,,4.53,,,4.53,,0.3,,,0.11,0.13,,,,,,,,,,,,,,,,38,11.0,3420,,1.4,4.53,3.13,69.2,0.32,0.37,0.32,0.24,23.7,,,,,,,,,,,,,,,,,,,,26.8,38,3419,90,100,38.0,,,2.71,0,4.29,1.32,1.55,1.39,0.16,0.16,,,,,,,,,,,,,,,,,,,,,,,,,,,28,38.0,,,,,,,,,,,,,,56.2,1.05,0.0,0.0,,,1.39,,0.0,0.0,,401.0,,,,
Crystal Palace,30,38.0,,,,,,,,,,,,,,,,,,,,,,30,27.7,,38,418,3420,38.0,1.0,,1.55,0.89,0.11,0.13,,,,,,,,,1.45,,1.0,,4.03,,,4.03,,0.22,,,0.11,0.13,,,,,,,,,,,,,,,,38,11.0,3420,,1.34,4.42,3.08,69.6,0.29,0.24,0.47,0.21,21.1,,,,,,,,,,,,,,,,,,,,27.7,38,3420,90,100,38.0,,,2.79,0,4.21,1.11,1.03,1.34,-0.32,-0.32,,,,,,,,,,,,,,,,,,,,,,,,,,,30,38.0,,,,,,,,,,,,,,45.8,0.55,0.0,0.0,,,1.34,,0.0,0.0,,465.0,,,,
Everton,31,38.0,,,,,,,,,,,,,,,,,,,,,,31,26.5,,38,418,3420,38.0,1.47,,2.63,1.37,0.11,0.13,,,,,,,,,2.53,,1.47,,4.58,,,4.58,,0.3,,,0.11,0.13,,,,,,,,,,,,,,,,38,11.0,3420,,1.45,4.71,3.26,69.3,0.29,0.37,0.34,0.26,26.3,,,,,,,,,,,,,,,,,,,,26.5,38,3420,90,100,38.0,,,2.58,0,4.42,1.24,1.55,1.45,0.11,0.11,,,,,,,,,,,,,,,,,,,,,,,,,,,31,38.0,,,,,,,,,,,,,,51.9,1.16,0.0,0.0,,,1.45,,0.0,0.0,,306.0,,,,
Leicester City,23,38.0,,,,,,,,,,,,,,,,,,,,,,23,27.7,,38,418,3420,38.0,1.79,,2.92,1.53,0.26,0.34,,,,,,,,,2.66,,1.79,,4.71,,,4.71,,0.32,,,0.26,0.34,,,,,,,,,,,,,,,,38,11.0,3420,,0.95,3.58,2.63,73.5,0.61,0.32,0.08,0.39,39.5,,,,,,,,,,,,,,,,,,,,27.7,38,3420,90,100,38.0,,,2.87,0,4.13,2.13,1.79,0.95,0.84,0.84,,,,,,,,,,,,,,,,,,,,,,,,,,,23,38.0,,,,,,,,,,,,,,42.6,1.13,0.0,0.0,,,0.95,,0.0,0.0,,406.0,,,,
Liverpool,34,38.0,,,,,,,,,,,,,,,,,,,,,,34,25.2,,38,418,3420,38.0,1.63,,2.95,1.58,0.05,0.05,,,,,,,,,2.89,,1.63,,5.24,,,5.24,,0.3,,,0.05,0.05,,,,,,,,,,,,,,,,38,11.0,3420,,1.32,3.42,2.11,61.5,0.42,0.32,0.26,0.29,28.9,,,,,,,,,,,,,,,,,,,,25.2,38,3420,90,100,38.0,,,2.87,0,4.11,1.58,1.66,1.32,0.34,0.34,,,,,,,,,,,,,,,,,,,,,,,,,,,34,38.0,,,,,,,,,,,,,,57.2,1.32,0.0,0.0,,,1.32,,0.0,0.0,,410.0,,,,
Manchester City,25,38.0,,,,,,,,,,,,,,,,,,,,,,25,28.3,,38,418,3420,38.0,1.87,,3.26,1.74,0.13,0.21,,,,,,,,,3.13,,1.87,,5.53,,,5.53,,0.31,,,0.13,0.21,,,,,,,,,,,,,,,,38,11.0,3420,,1.08,3.29,2.21,67.2,0.5,0.24,0.26,0.42,42.1,,,,,,,,,,,,,,,,,,,,28.3,38,3420,90,100,38.0,,,2.87,0,4.16,1.74,1.87,1.08,0.79,0.79,,,,,,,,,,,,,,,,,,,,,,,,,,,25,38.0,,,,,,,,,,,,,,56.9,1.39,0.0,0.0,,,1.08,,0.0,0.0,,409.0,,,,
Manchester Utd,33,38.0,,,,,,,,,,,,,,,,,,,,,,33,25.6,,38,418,3420,38.0,1.21,,2.03,1.13,0.08,0.08,,,,,,,,,1.95,,1.21,,3.79,,,3.79,,0.3,,,0.08,0.08,,,,,,,,,,,,,,,,38,11.0,3420,,0.92,3.16,2.24,70.8,0.5,0.24,0.26,0.47,47.4,,,,,,,,,,,,,,,,,,,,25.6,38,3420,90,100,38.0,,,2.84,0,4.13,1.74,1.29,0.92,0.37,0.37,,,,,,,,,,,,,,,,,,,,,,,,,,,33,38.0,,,,,,,,,,,,,,58.5,0.82,0.0,0.0,,,0.92,,0.0,0.0,,473.0,,,,
Newcastle Utd,31,38.0,,,,,,,,,,,,,,,,,,,,,,31,25.4,,38,418,3420,38.0,1.13,,2.03,1.05,0.08,0.08,,,,,,,,,1.95,,1.13,,3.95,,,3.95,,0.27,,,0.08,0.08,,,,,,,,,,,,,,,,38,11.0,3420,,1.71,4.68,2.97,63.5,0.24,0.26,0.5,0.21,21.1,,,,,,,,,,,,,,,,,,,,25.4,38,3420,90,100,38.0,,,2.84,0,4.18,0.97,1.16,1.71,-0.55,-0.55,,,,,,,,,,,,,,,,,,,,,,,,,,,31,38.0,,,,,,,,,,,,,,46.6,0.89,0.0,0.0,,,1.71,,0.0,0.0,,419.0,,,,
Norwich City,28,38.0,,,,,,,,,,,,,,,,,,,,,,28,27.7,,38,418,3420,38.0,1.0,,1.71,0.97,0.03,0.03,,,,,,,,,1.68,,1.0,,3.42,,,3.42,,0.28,,,0.03,0.03,,,,,,,,,,,,,,,,38,11.0,3420,,1.76,4.34,2.58,59.4,0.24,0.18,0.58,0.13,13.2,,,,,,,,,,,,,,,,,,,,27.7,38,3420,90,100,38.0,,,2.79,0,4.21,0.89,1.03,1.76,-0.74,-0.74,,,,,,,,,,,,,,,,,,,,,,,,,,,28,38.0,,,,,,,,,,,,,,46.0,0.71,0.0,0.0,,,1.76,,0.0,0.0,,431.0,,,,
Southampton,26,38.0,,,,,,,,,,,,,,,,,,,,,,26,26.4,,38,418,3420,38.0,1.53,,2.71,1.45,0.08,0.11,,,,,,,,,2.63,,1.53,,4.34,,,4.34,,0.33,,,0.08,0.11,,,,,,,,,,,,,,,,38,11.0,3420,,1.08,3.5,2.42,69.2,0.47,0.24,0.29,0.32,31.6,,,,,,,,,,,,,,,,,,,,26.4,38,3420,90,100,38.0,,,2.92,0,4.08,1.66,1.55,1.08,0.47,0.47,,,,,,,,,,,,,,,,,,,,,,,,,,,26,38.0,,,,,,,,,,,,,,49.2,1.18,0.0,0.0,,,1.08,,0.0,0.0,,417.0,,,,
Stoke City,27,38.0,,,,,,,,,,,,,,,,,,,,,,27,27.4,,38,418,3420,38.0,1.05,,1.82,0.92,0.13,0.13,,,,,,,,,1.68,,1.05,,3.34,,,3.34,,0.28,,,0.13,0.13,,,,,,,,,,,,,,,,38,11.0,3420,,1.45,4.61,3.16,68.6,0.37,0.24,0.39,0.26,26.3,,,,,,,,,,,,,,,,,,,,27.4,38,3420,90,100,38.0,,,2.82,0,4.18,1.34,1.08,1.45,-0.37,-0.37,,,,,,,,,,,,,,,,,,,,,,,,,,,27,38.0,,,,,,,,,,,,,,49.7,0.76,0.0,0.0,,,1.45,,0.0,0.0,,420.0,,,,
Sunderland,31,38.0,,,,,,,,,,,,,,,,,,,,,,31,27.3,,38,418,3420,38.0,1.16,,1.95,1.08,0.08,0.08,,,,,,,,,1.87,,1.16,,4.55,,,4.55,,0.24,,,0.08,0.08,,,,,,,,,,,,,,,,38,11.0,3420,,1.63,5.61,3.97,70.9,0.24,0.32,0.45,0.18,18.4,,,,,,,,,,,,,,,,,,,,27.3,38,3420,90,100,38.0,,,2.76,0,4.24,1.03,1.26,1.63,-0.37,-0.37,,,,,,,,,,,,,,,,,,,,,,,,,,,31,38.0,,,,,,,,,,,,,,41.0,0.79,0.0,0.0,,,1.63,,0.0,0.0,,484.0,,,,
Swansea City,27,38.0,,,,,,,,,,,,,,,,,,,,,,27,27.6,,38,418,3420,38.0,1.08,,1.74,0.95,0.13,0.13,,,,,,,,,1.61,,1.08,,3.55,,,3.55,,0.27,,,0.13,0.13,,,,,,,,,,,,,,,,38,11.0,3420,,1.37,4.34,2.97,68.5,0.32,0.29,0.39,0.24,23.7,,,,,,,,,,,,,,,,,,,,27.6,38,3420,90,100,38.0,,,2.87,0,4.13,1.24,1.11,1.37,-0.26,-0.26,,,,,,,,,,,,,,,,,,,,,,,,,,,27,38.0,,,,,,,,,,,,,,52.5,0.66,0.0,0.0,,,1.37,,0.0,0.0,,392.0,,,,
Tottenham,24,38.0,,,,,,,,,,,,,,,,,,,,,,24,24.5,,38,418,3420,38.0,1.79,,3.11,1.66,0.13,0.13,,,,,,,,,2.97,,1.79,,6.58,,,6.58,,0.25,,,0.13,0.13,,,,,,,,,,,,,,,,38,11.0,3420,,0.92,3.18,2.26,71.1,0.5,0.34,0.16,0.34,34.2,,,,,,,,,,,,,,,,,,,,24.5,38,3420,90,100,38.0,,,2.79,0,4.21,1.84,1.82,0.92,0.89,0.89,,,,,,,,,,,,,,,,,,,,,,,,,,,24,38.0,,,,,,,,,,,,,,57.4,1.32,0.0,0.0,,,0.92,,0.0,0.0,,451.0,,,,
Watford,25,38.0,,,,,,,,,,,,,,,,,,,,,,25,28.2,,38,418,3420,38.0,1.0,,1.47,0.84,0.16,0.18,,,,,,,,,1.32,,1.0,,3.66,,,3.66,,0.23,,,0.16,0.18,,,,,,,,,,,,,,,,38,11.0,3420,,1.32,3.24,1.92,59.3,0.32,0.24,0.45,0.29,28.9,,,,,,,,,,,,,,,,,,,,28.2,38,3420,90,100,38.0,,,2.68,0,4.32,1.18,1.05,1.32,-0.26,-0.26,,,,,,,,,,,,,,,,,,,,,,,,,,,25,38.0,,,,,,,,,,,,,,45.1,0.47,0.0,0.0,,,1.32,,0.0,0.0,,455.0,,,,
West Brom,28,38.0,,,,,,,,,,,,,,,,,,,,,,28,29.1,,38,418,3420,38.0,0.84,,1.5,0.82,0.03,0.13,,,,,,,,,1.47,,0.84,,2.84,,,2.84,,0.29,,,0.03,0.13,,,,,,,,,,,,,,,,38,11.0,3420,,1.26,4.08,2.82,69.0,0.26,0.34,0.39,0.29,28.9,,,,,,,,,,,,,,,,,,,,29.1,38,3420,90,100,38.0,,,2.66,0,4.37,1.13,0.89,1.26,-0.37,-0.37,,,,,,,,,,,,,,,,,,,,,,,,,,,28,38.0,,,,,,,,,,,,,,39.8,0.66,0.0,0.0,,,1.26,,0.0,0.0,,400.0,,,,
West Ham,28,38.0,,,,,,,,,,,,,,,,,,,,,,28,26.6,,38,418,3420,38.0,1.68,,2.68,1.58,0.11,0.11,,,,,,,,,2.58,,1.68,,4.89,,,4.89,,0.32,,,0.11,0.11,,,,,,,,,,,,,,,,38,11.0,3420,,1.34,4.26,2.92,68.5,0.42,0.37,0.21,0.29,28.9,,,,,,,,,,,,,,,,,,,,26.6,38,3420,90,100,38.0,,,2.92,0,4.08,1.63,1.71,1.34,0.37,0.37,,,,,,,,,,,,,,,,,,,,,,,,,,,28,38.0,,,,,,,,,,,,,,48.4,1.0,0.0,0.0,,,1.34,,0.0,0.0,,381.0,,,,
